"","cluster_IDs","Item","cluster_nc","subjCode","x_coord","y_coord","item_num"
"1",1,"VCS_10",4,"SAL_101b",166,-279,1
"12",1,"VCS_20",4,"SAL_101b",284,-279,12
"23",1,"VCS_30",4,"SAL_101b",224,-144,23
"26",1,"VCS_320",4,"SAL_101b",92,-150,26
"27",1,"VCS_330",4,"SAL_101b",103,-266,27
"28",1,"VCS_340",4,"SAL_101b",287,-137,28
"29",1,"VCS_350",4,"SAL_101b",164,-150,29
"30",1,"VCS_360",4,"SAL_101b",289,-216,30
"31",1,"VCS_40",4,"SAL_101b",230,-215,31
"32",1,"VCS_50",4,"SAL_101b",95,-213,32
"33",1,"VCS_60",4,"SAL_101b",230,-274,33
"34",1,"VCS_70",4,"SAL_101b",161,-220,34
"2",2,"VCS_100",4,"SAL_101b",144,226,2
"3",2,"VCS_110",4,"SAL_101b",200,233,3
"4",2,"VCS_120",4,"SAL_101b",111,150,4
"5",2,"VCS_130",4,"SAL_101b",325,236,5
"6",2,"VCS_140",4,"SAL_101b",263,238,6
"7",2,"VCS_150",4,"SAL_101b",93,229,7
"8",2,"VCS_160",4,"SAL_101b",165,157,8
"35",2,"VCS_80",4,"SAL_101b",227,154,35
"36",2,"VCS_90",4,"SAL_101b",322,163,36
"9",3,"VCS_170",4,"SAL_101b",-444,-190,9
"10",3,"VCS_180",4,"SAL_101b",-447,-254,10
"11",3,"VCS_190",4,"SAL_101b",-304,-189,11
"13",3,"VCS_200",4,"SAL_101b",-374,-182,13
"14",4,"VCS_210",4,"SAL_101b",-471,246,14
"15",4,"VCS_220",4,"SAL_101b",-325,246,15
"16",4,"VCS_230",4,"SAL_101b",-398,247,16
"17",4,"VCS_240",4,"SAL_101b",-400,171,17
"18",4,"VCS_250",4,"SAL_101b",-322,172,18
"19",4,"VCS_260",4,"SAL_101b",-474,170,19
"20",4,"VCS_270",4,"SAL_101b",-323,90,20
"21",4,"VCS_280",4,"SAL_101b",-395,94,21
"22",4,"VCS_290",4,"SAL_101b",-466,99,22
"24",4,"VCS_300",4,"SAL_101b",-470,23,24
"25",4,"VCS_310",4,"SAL_101b",-400,22,25
"37",1,"VCS_10",5,"SAL_103b",116,169,1
"48",1,"VCS_20",5,"SAL_103b",75,169,12
"59",1,"VCS_30",5,"SAL_103b",44,211,23
"67",1,"VCS_40",5,"SAL_103b",31,147,31
"68",1,"VCS_50",5,"SAL_103b",-25,138,32
"69",1,"VCS_60",5,"SAL_103b",19,92,33
"70",1,"VCS_70",5,"SAL_103b",76,117,34
"38",2,"VCS_100",5,"SAL_103b",336,102,2
"39",2,"VCS_110",5,"SAL_103b",402,53,3
"40",2,"VCS_120",5,"SAL_103b",363,168,4
"41",2,"VCS_130",5,"SAL_103b",429,147,5
"42",2,"VCS_140",5,"SAL_103b",373,64,6
"43",2,"VCS_150",5,"SAL_103b",391,107,7
"71",2,"VCS_80",5,"SAL_103b",459,91,35
"72",2,"VCS_90",5,"SAL_103b",430,48,36
"44",3,"VCS_160",5,"SAL_103b",-197,-147,8
"45",3,"VCS_170",5,"SAL_103b",-28,-202,9
"46",3,"VCS_180",5,"SAL_103b",-120,-141,10
"47",3,"VCS_190",5,"SAL_103b",-53,-137,11
"49",3,"VCS_200",5,"SAL_103b",-158,-199,13
"50",3,"VCS_210",5,"SAL_103b",-89,-199,14
"51",4,"VCS_220",5,"SAL_103b",-425,-229,15
"52",4,"VCS_230",5,"SAL_103b",-529,-189,16
"53",4,"VCS_240",5,"SAL_103b",-492,-233,17
"54",4,"VCS_250",5,"SAL_103b",-463,-132,18
"55",4,"VCS_260",5,"SAL_103b",-492,-164,19
"56",4,"VCS_270",5,"SAL_103b",-552,-242,20
"57",4,"VCS_280",5,"SAL_103b",-531,-136,21
"58",4,"VCS_290",5,"SAL_103b",-431,-167,22
"60",4,"VCS_300",5,"SAL_103b",-464,-183,24
"61",5,"VCS_310",5,"SAL_103b",-237,8,25
"62",5,"VCS_320",5,"SAL_103b",-372,69,26
"63",5,"VCS_330",5,"SAL_103b",-239,58,27
"64",5,"VCS_340",5,"SAL_103b",-295,24,28
"65",5,"VCS_350",5,"SAL_103b",-298,77,29
"66",5,"VCS_360",5,"SAL_103b",-351,20,30
"73",1,"VCS_10",7,"SAL_104b",-239,143,1
"99",1,"VCS_330",7,"SAL_104b",-186,140,27
"100",1,"VCS_340",7,"SAL_104b",-286,147,28
"101",1,"VCS_350",7,"SAL_104b",-205,200,29
"102",1,"VCS_360",7,"SAL_104b",-252,177,30
"74",2,"VCS_100",7,"SAL_104b",451,-131,2
"75",2,"VCS_110",7,"SAL_104b",458,-313,3
"77",2,"VCS_130",7,"SAL_104b",460,-373,5
"107",2,"VCS_80",7,"SAL_104b",454,-197,35
"108",2,"VCS_90",7,"SAL_104b",454,-255,36
"76",3,"VCS_120",7,"SAL_104b",451,-64,4
"78",3,"VCS_140",7,"SAL_104b",448,2,6
"79",3,"VCS_150",7,"SAL_104b",450,65,7
"80",4,"VCS_160",7,"SAL_104b",144,367,8
"81",4,"VCS_170",7,"SAL_104b",225,370,9
"82",4,"VCS_180",7,"SAL_104b",183,404,10
"83",4,"VCS_190",7,"SAL_104b",186,331,11
"90",4,"VCS_250",7,"SAL_104b",229,232,18
"84",5,"VCS_20",7,"SAL_104b",-86,-99,12
"95",5,"VCS_30",7,"SAL_104b",-105,-133,23
"103",5,"VCS_40",7,"SAL_104b",-131,-97,31
"104",5,"VCS_50",7,"SAL_104b",-135,-132,32
"105",5,"VCS_60",7,"SAL_104b",-119,-55,33
"106",5,"VCS_70",7,"SAL_104b",-55,-145,34
"85",6,"VCS_200",7,"SAL_104b",-38,383,13
"86",6,"VCS_210",7,"SAL_104b",-108,338,14
"87",6,"VCS_220",7,"SAL_104b",-37,317,15
"88",7,"VCS_230",7,"SAL_104b",144,115,16
"89",7,"VCS_240",7,"SAL_104b",304,223,17
"91",7,"VCS_260",7,"SAL_104b",196,166,19
"92",7,"VCS_270",7,"SAL_104b",211,99,20
"93",7,"VCS_280",7,"SAL_104b",315,150,21
"94",7,"VCS_290",7,"SAL_104b",258,179,22
"96",7,"VCS_300",7,"SAL_104b",307,86,24
"97",7,"VCS_310",7,"SAL_104b",254,116,25
"98",7,"VCS_320",7,"SAL_104b",258,50,26
"109",1,"VCS_10",2,"SAL_105b",0,14,1
"120",1,"VCS_20",2,"SAL_105b",32,-11,12
"131",1,"VCS_30",2,"SAL_105b",10,-26,23
"134",1,"VCS_320",2,"SAL_105b",36,-5,26
"135",1,"VCS_330",2,"SAL_105b",-8,19,27
"136",1,"VCS_340",2,"SAL_105b",2,-9,28
"137",1,"VCS_350",2,"SAL_105b",7,0,29
"138",1,"VCS_360",2,"SAL_105b",20,3,30
"139",1,"VCS_40",2,"SAL_105b",-24,-28,31
"140",1,"VCS_50",2,"SAL_105b",-1,-13,32
"141",1,"VCS_60",2,"SAL_105b",-48,6,33
"142",1,"VCS_70",2,"SAL_105b",24,-9,34
"110",2,"VCS_100",2,"SAL_105b",-395,221,2
"111",2,"VCS_110",2,"SAL_105b",-347,231,3
"112",2,"VCS_120",2,"SAL_105b",-410,163,4
"113",2,"VCS_130",2,"SAL_105b",-357,225,5
"114",2,"VCS_140",2,"SAL_105b",-365,119,6
"115",2,"VCS_150",2,"SAL_105b",-418,182,7
"116",2,"VCS_160",2,"SAL_105b",-375,248,8
"117",2,"VCS_170",2,"SAL_105b",-456,171,9
"118",2,"VCS_180",2,"SAL_105b",-513,149,10
"119",2,"VCS_190",2,"SAL_105b",-399,273,11
"121",2,"VCS_200",2,"SAL_105b",-468,272,13
"122",2,"VCS_210",2,"SAL_105b",-398,219,14
"123",2,"VCS_220",2,"SAL_105b",-396,108,15
"124",2,"VCS_230",2,"SAL_105b",-419,218,16
"125",2,"VCS_240",2,"SAL_105b",-491,262,17
"126",2,"VCS_250",2,"SAL_105b",-458,221,18
"127",2,"VCS_260",2,"SAL_105b",-420,123,19
"128",2,"VCS_270",2,"SAL_105b",-465,119,20
"129",2,"VCS_280",2,"SAL_105b",-510,200,21
"130",2,"VCS_290",2,"SAL_105b",-425,159,22
"132",2,"VCS_300",2,"SAL_105b",-432,111,24
"133",2,"VCS_310",2,"SAL_105b",-499,218,25
"143",2,"VCS_80",2,"SAL_105b",-420,187,35
"144",2,"VCS_90",2,"SAL_105b",-417,214,36
"145",1,"VCS_10",2,"SAL_106b",-92,93,1
"155",1,"VCS_190",2,"SAL_106b",13,191,11
"157",1,"VCS_200",2,"SAL_106b",-98,261,13
"158",1,"VCS_210",2,"SAL_106b",-27,138,14
"159",1,"VCS_220",2,"SAL_106b",-376,144,15
"160",1,"VCS_230",2,"SAL_106b",-61,211,16
"161",1,"VCS_240",2,"SAL_106b",-185,173,17
"162",1,"VCS_250",2,"SAL_106b",-310,123,18
"163",1,"VCS_260",2,"SAL_106b",-361,219,19
"164",1,"VCS_270",2,"SAL_106b",-292,192,20
"165",1,"VCS_280",2,"SAL_106b",-195,108,21
"166",1,"VCS_290",2,"SAL_106b",-247,141,22
"168",1,"VCS_300",2,"SAL_106b",-241,281,24
"169",1,"VCS_310",2,"SAL_106b",-237,218,25
"170",1,"VCS_320",2,"SAL_106b",-296,252,26
"171",1,"VCS_330",2,"SAL_106b",-131,205,27
"172",1,"VCS_340",2,"SAL_106b",-179,243,28
"173",1,"VCS_350",2,"SAL_106b",-94,153,29
"174",1,"VCS_360",2,"SAL_106b",-135,120,30
"146",2,"VCS_100",2,"SAL_106b",-140,-126,2
"147",2,"VCS_110",2,"SAL_106b",-328,-243,3
"148",2,"VCS_120",2,"SAL_106b",-320,-170,4
"149",2,"VCS_130",2,"SAL_106b",-268,-274,5
"150",2,"VCS_140",2,"SAL_106b",-148,-267,6
"151",2,"VCS_150",2,"SAL_106b",-260,-198,7
"152",2,"VCS_160",2,"SAL_106b",-139,-200,8
"153",2,"VCS_170",2,"SAL_106b",-194,-51,9
"154",2,"VCS_180",2,"SAL_106b",-68,-114,10
"156",2,"VCS_20",2,"SAL_106b",-314,-52,12
"167",2,"VCS_30",2,"SAL_106b",-124,-56,23
"175",2,"VCS_40",2,"SAL_106b",-196,-123,31
"176",2,"VCS_50",2,"SAL_106b",-314,-105,32
"177",2,"VCS_60",2,"SAL_106b",-260,-75,33
"178",2,"VCS_70",2,"SAL_106b",-256,-129,34
"179",2,"VCS_80",2,"SAL_106b",-193,-195,35
"180",2,"VCS_90",2,"SAL_106b",-208,-259,36
"181",1,"VCS_10",5,"SAL_107b",15,291,1
"192",1,"VCS_20",5,"SAL_107b",-49,301,12
"203",1,"VCS_30",5,"SAL_107b",-84,380,23
"211",1,"VCS_40",5,"SAL_107b",-34,359,31
"212",1,"VCS_50",5,"SAL_107b",-86,336,32
"214",1,"VCS_70",5,"SAL_107b",14,344,34
"182",2,"VCS_100",5,"SAL_107b",-177,-220,2
"183",2,"VCS_110",5,"SAL_107b",-195,-137,3
"185",2,"VCS_130",5,"SAL_107b",-121,-182,5
"213",2,"VCS_60",5,"SAL_107b",-215,-207,33
"215",2,"VCS_80",5,"SAL_107b",-154,-178,35
"216",2,"VCS_90",5,"SAL_107b",-264,-171,36
"184",3,"VCS_120",5,"SAL_107b",-640,75,4
"186",3,"VCS_140",5,"SAL_107b",-650,137,6
"187",3,"VCS_150",5,"SAL_107b",-634,-211,7
"188",3,"VCS_160",5,"SAL_107b",-638,-66,8
"189",3,"VCS_170",5,"SAL_107b",-635,-144,9
"190",3,"VCS_180",5,"SAL_107b",-640,0,10
"191",3,"VCS_190",5,"SAL_107b",-637,-276,11
"193",4,"VCS_200",5,"SAL_107b",350,-165,13
"194",4,"VCS_210",5,"SAL_107b",288,-131,14
"195",4,"VCS_220",5,"SAL_107b",220,-208,15
"196",4,"VCS_230",5,"SAL_107b",234,-157,16
"197",4,"VCS_240",5,"SAL_107b",309,-50,17
"198",4,"VCS_250",5,"SAL_107b",231,-43,18
"199",4,"VCS_260",5,"SAL_107b",223,-175,19
"200",4,"VCS_270",5,"SAL_107b",239,-105,20
"201",4,"VCS_280",5,"SAL_107b",255,-63,21
"202",4,"VCS_290",5,"SAL_107b",269,-34,22
"204",4,"VCS_300",5,"SAL_107b",347,-77,24
"205",4,"VCS_310",5,"SAL_107b",253,-32,25
"206",5,"VCS_320",5,"SAL_107b",-248,85,26
"207",5,"VCS_330",5,"SAL_107b",-299,152,27
"208",5,"VCS_340",5,"SAL_107b",-307,105,28
"209",5,"VCS_350",5,"SAL_107b",-256,140,29
"210",5,"VCS_360",5,"SAL_107b",-368,105,30
"217",1,"VCS_10",6,"SAL_108b",360,-29,1
"242",1,"VCS_320",6,"SAL_108b",291,-100,26
"243",1,"VCS_330",6,"SAL_108b",340,-72,27
"244",1,"VCS_340",6,"SAL_108b",398,-124,28
"245",1,"VCS_350",6,"SAL_108b",344,-119,29
"246",1,"VCS_360",6,"SAL_108b",388,-73,30
"218",2,"VCS_100",6,"SAL_108b",-242,-151,2
"219",2,"VCS_110",6,"SAL_108b",-190,-94,3
"220",2,"VCS_120",6,"SAL_108b",-265,-17,4
"221",2,"VCS_130",6,"SAL_108b",-177,-158,5
"250",2,"VCS_70",6,"SAL_108b",-255,-77,34
"251",2,"VCS_80",6,"SAL_108b",-296,-149,35
"252",2,"VCS_90",6,"SAL_108b",-312,-78,36
"222",3,"VCS_140",6,"SAL_108b",-137,246,6
"223",3,"VCS_150",6,"SAL_108b",-197,258,7
"224",3,"VCS_160",6,"SAL_108b",-268,263,8
"225",3,"VCS_170",6,"SAL_108b",-335,271,9
"226",3,"VCS_180",6,"SAL_108b",-299,194,10
"227",3,"VCS_190",6,"SAL_108b",-236,195,11
"229",3,"VCS_200",6,"SAL_108b",-166,323,13
"228",4,"VCS_20",6,"SAL_108b",81,-56,12
"239",4,"VCS_30",6,"SAL_108b",125,-90,23
"247",4,"VCS_40",6,"SAL_108b",173,-47,31
"248",4,"VCS_50",6,"SAL_108b",121,-41,32
"249",4,"VCS_60",6,"SAL_108b",137,12,33
"230",5,"VCS_210",6,"SAL_108b",349,179,14
"231",5,"VCS_220",6,"SAL_108b",297,221,15
"232",5,"VCS_230",6,"SAL_108b",359,240,16
"233",6,"VCS_240",6,"SAL_108b",-64,55,17
"234",6,"VCS_250",6,"SAL_108b",-6,85,18
"235",6,"VCS_260",6,"SAL_108b",-50,128,19
"236",6,"VCS_270",6,"SAL_108b",-62,-30,20
"237",6,"VCS_280",6,"SAL_108b",-116,109,21
"238",6,"VCS_290",6,"SAL_108b",-130,49,22
"240",6,"VCS_300",6,"SAL_108b",-22,21,24
"241",6,"VCS_310",6,"SAL_108b",-100,0,25
"253",1,"VCS_10",4,"SAL_109b",-482,312,1
"264",1,"VCS_20",4,"SAL_109b",-643,337,12
"275",1,"VCS_30",4,"SAL_109b",-526,368,23
"280",1,"VCS_340",4,"SAL_109b",-627,402,28
"281",1,"VCS_350",4,"SAL_109b",-564,416,29
"282",1,"VCS_360",4,"SAL_109b",-579,341,30
"283",1,"VCS_40",4,"SAL_109b",-487,405,31
"284",1,"VCS_50",4,"SAL_109b",-541,286,32
"285",1,"VCS_60",4,"SAL_109b",-603,282,33
"254",2,"VCS_100",4,"SAL_109b",594,-257,2
"255",2,"VCS_110",4,"SAL_109b",468,-401,3
"256",2,"VCS_120",4,"SAL_109b",542,-393,4
"257",2,"VCS_130",4,"SAL_109b",446,-336,5
"258",2,"VCS_140",4,"SAL_109b",378,-271,6
"259",2,"VCS_150",4,"SAL_109b",445,-238,7
"286",2,"VCS_70",4,"SAL_109b",368,-413,34
"287",2,"VCS_80",4,"SAL_109b",517,-290,35
"288",2,"VCS_90",4,"SAL_109b",347,-346,36
"260",3,"VCS_160",4,"SAL_109b",623,360,8
"261",3,"VCS_170",4,"SAL_109b",544,208,9
"262",3,"VCS_180",4,"SAL_109b",611,196,10
"263",3,"VCS_190",4,"SAL_109b",613,288,11
"265",3,"VCS_200",4,"SAL_109b",460,310,13
"266",3,"VCS_210",4,"SAL_109b",541,345,14
"267",3,"VCS_220",4,"SAL_109b",476,240,15
"268",3,"VCS_230",4,"SAL_109b",477,393,16
"269",4,"VCS_240",4,"SAL_109b",-390,-334,17
"270",4,"VCS_250",4,"SAL_109b",-554,-270,18
"271",4,"VCS_260",4,"SAL_109b",-425,-390,19
"272",4,"VCS_270",4,"SAL_109b",-578,-420,20
"273",4,"VCS_280",4,"SAL_109b",-640,-404,21
"274",4,"VCS_290",4,"SAL_109b",-461,-293,22
"276",4,"VCS_300",4,"SAL_109b",-521,-352,24
"277",4,"VCS_310",4,"SAL_109b",-490,-408,25
"278",4,"VCS_320",4,"SAL_109b",-641,-320,26
"279",4,"VCS_330",4,"SAL_109b",-589,-353,27
"289",1,"VCS_10",10,"SAL_110b",-346,-346,1
"313",1,"VCS_310",10,"SAL_110b",-205,-250,25
"314",1,"VCS_320",10,"SAL_110b",-251,-208,26
"317",1,"VCS_350",10,"SAL_110b",-393,-353,29
"318",1,"VCS_360",10,"SAL_110b",-376,-295,30
"290",2,"VCS_100",10,"SAL_110b",59,30,2
"291",2,"VCS_110",10,"SAL_110b",5,21,3
"324",2,"VCS_90",10,"SAL_110b",111,37,36
"292",3,"VCS_120",10,"SAL_110b",20,279,4
"293",3,"VCS_130",10,"SAL_110b",75,281,5
"294",4,"VCS_140",10,"SAL_110b",300,370,6
"295",4,"VCS_150",10,"SAL_110b",244,383,7
"296",4,"VCS_160",10,"SAL_110b",368,382,8
"322",4,"VCS_70",10,"SAL_110b",277,258,34
"323",4,"VCS_80",10,"SAL_110b",224,257,35
"297",5,"VCS_170",10,"SAL_110b",235,-354,9
"298",5,"VCS_180",10,"SAL_110b",300,-370,10
"299",5,"VCS_190",10,"SAL_110b",283,-298,11
"303",5,"VCS_220",10,"SAL_110b",283,-181,15
"304",5,"VCS_230",10,"SAL_110b",345,-167,16
"300",6,"VCS_20",10,"SAL_110b",-299,344,12
"311",6,"VCS_30",10,"SAL_110b",-271,301,23
"319",6,"VCS_40",10,"SAL_110b",-247,356,31
"301",7,"VCS_200",10,"SAL_110b",-503,360,13
"302",7,"VCS_210",10,"SAL_110b",-560,350,14
"310",7,"VCS_290",10,"SAL_110b",-426,281,22
"312",7,"VCS_300",10,"SAL_110b",-463,236,24
"305",8,"VCS_240",10,"SAL_110b",233,75,17
"306",8,"VCS_250",10,"SAL_110b",289,122,18
"307",8,"VCS_260",10,"SAL_110b",300,36,19
"320",8,"VCS_50",10,"SAL_110b",467,136,32
"321",8,"VCS_60",10,"SAL_110b",528,136,33
"308",9,"VCS_270",10,"SAL_110b",-415,4,20
"309",9,"VCS_280",10,"SAL_110b",-469,24,21
"315",10,"VCS_330",10,"SAL_110b",28,-320,27
"316",10,"VCS_340",10,"SAL_110b",0,-370,28
"325",1,"VCS_10",3,"SAL_111b",-395,188,1
"335",1,"VCS_190",3,"SAL_111b",-475,67,11
"336",1,"VCS_20",3,"SAL_111b",-309,100,12
"337",1,"VCS_200",3,"SAL_111b",-441,193,13
"347",1,"VCS_30",3,"SAL_111b",-311,67,23
"353",1,"VCS_350",3,"SAL_111b",-335,147,29
"354",1,"VCS_360",3,"SAL_111b",-339,166,30
"355",1,"VCS_40",3,"SAL_111b",-381,143,31
"356",1,"VCS_50",3,"SAL_111b",-362,90,32
"357",1,"VCS_60",3,"SAL_111b",-294,177,33
"326",2,"VCS_100",3,"SAL_111b",-7,-11,2
"327",2,"VCS_110",3,"SAL_111b",7,-26,3
"328",2,"VCS_120",3,"SAL_111b",-15,-41,4
"329",2,"VCS_130",3,"SAL_111b",49,-68,5
"330",2,"VCS_140",3,"SAL_111b",-4,-33,6
"343",2,"VCS_260",3,"SAL_111b",-18,-9,19
"344",2,"VCS_270",3,"SAL_111b",-9,-41,20
"345",2,"VCS_280",3,"SAL_111b",-18,-28,21
"346",2,"VCS_290",3,"SAL_111b",-26,-32,22
"348",2,"VCS_300",3,"SAL_111b",-31,-12,24
"349",2,"VCS_310",3,"SAL_111b",-26,-6,25
"350",2,"VCS_320",3,"SAL_111b",-32,5,26
"352",2,"VCS_340",3,"SAL_111b",-7,8,28
"358",2,"VCS_70",3,"SAL_111b",15,-24,34
"359",2,"VCS_80",3,"SAL_111b",-9,0,35
"360",2,"VCS_90",3,"SAL_111b",21,-25,36
"331",3,"VCS_150",3,"SAL_111b",323,70,7
"332",3,"VCS_160",3,"SAL_111b",312,74,8
"333",3,"VCS_170",3,"SAL_111b",346,98,9
"334",3,"VCS_180",3,"SAL_111b",298,72,10
"338",3,"VCS_210",3,"SAL_111b",277,139,14
"339",3,"VCS_220",3,"SAL_111b",289,121,15
"340",3,"VCS_230",3,"SAL_111b",319,134,16
"341",3,"VCS_240",3,"SAL_111b",377,69,17
"342",3,"VCS_250",3,"SAL_111b",354,121,18
"351",3,"VCS_330",3,"SAL_111b",385,67,27
"361",1,"VCS_10",6,"SAL_112b",-9,-241,1
"372",1,"VCS_20",6,"SAL_112b",11,-260,12
"384",1,"VCS_300",6,"SAL_112b",63,-288,24
"386",1,"VCS_320",6,"SAL_112b",4,-272,26
"387",1,"VCS_330",6,"SAL_112b",-108,-238,27
"388",1,"VCS_340",6,"SAL_112b",-40,-317,28
"389",1,"VCS_350",6,"SAL_112b",17,-233,29
"390",1,"VCS_360",6,"SAL_112b",-2,-213,30
"362",2,"VCS_100",6,"SAL_112b",287,34,2
"363",2,"VCS_110",6,"SAL_112b",215,77,3
"364",2,"VCS_120",6,"SAL_112b",316,67,4
"365",2,"VCS_130",6,"SAL_112b",269,47,5
"366",2,"VCS_140",6,"SAL_112b",167,34,6
"367",2,"VCS_150",6,"SAL_112b",248,60,7
"368",2,"VCS_160",6,"SAL_112b",279,31,8
"369",2,"VCS_170",6,"SAL_112b",242,49,9
"379",2,"VCS_260",6,"SAL_112b",224,48,19
"393",2,"VCS_60",6,"SAL_112b",151,52,33
"394",2,"VCS_70",6,"SAL_112b",210,61,34
"395",2,"VCS_80",6,"SAL_112b",236,85,35
"370",3,"VCS_180",6,"SAL_112b",-471,-92,10
"371",3,"VCS_190",6,"SAL_112b",-463,-87,11
"373",3,"VCS_200",6,"SAL_112b",-489,-83,13
"374",3,"VCS_210",6,"SAL_112b",-457,-100,14
"378",3,"VCS_250",6,"SAL_112b",-480,-84,18
"375",4,"VCS_220",6,"SAL_112b",-75,370,15
"376",4,"VCS_230",6,"SAL_112b",0,370,16
"377",4,"VCS_240",6,"SAL_112b",-46,358,17
"380",5,"VCS_270",6,"SAL_112b",-233,69,20
"381",5,"VCS_280",6,"SAL_112b",-192,38,21
"382",5,"VCS_290",6,"SAL_112b",-286,45,22
"385",5,"VCS_310",6,"SAL_112b",-185,56,25
"383",6,"VCS_30",6,"SAL_112b",640,300,23
"391",6,"VCS_40",6,"SAL_112b",598,256,31
"392",6,"VCS_50",6,"SAL_112b",653,256,32
"396",6,"VCS_90",6,"SAL_112b",591,241,36
"397",1,"VCS_10",6,"SAL_113b",242,132,1
"422",1,"VCS_320",6,"SAL_113b",243,132,26
"423",1,"VCS_330",6,"SAL_113b",240,127,27
"424",1,"VCS_340",6,"SAL_113b",244,123,28
"425",1,"VCS_350",6,"SAL_113b",255,117,29
"426",1,"VCS_360",6,"SAL_113b",245,125,30
"398",2,"VCS_100",6,"SAL_113b",176,-90,2
"399",2,"VCS_110",6,"SAL_113b",232,-78,3
"400",2,"VCS_120",6,"SAL_113b",213,-99,4
"401",2,"VCS_130",6,"SAL_113b",219,-89,5
"402",2,"VCS_140",6,"SAL_113b",246,-73,6
"403",2,"VCS_150",6,"SAL_113b",224,-108,7
"404",2,"VCS_160",6,"SAL_113b",257,-68,8
"429",2,"VCS_60",6,"SAL_113b",227,-76,33
"430",2,"VCS_70",6,"SAL_113b",218,-75,34
"431",2,"VCS_80",6,"SAL_113b",197,-91,35
"432",2,"VCS_90",6,"SAL_113b",258,-114,36
"405",3,"VCS_170",6,"SAL_113b",-89,47,9
"406",3,"VCS_180",6,"SAL_113b",-95,64,10
"407",3,"VCS_190",6,"SAL_113b",-81,51,11
"409",3,"VCS_200",6,"SAL_113b",-85,56,13
"410",3,"VCS_210",6,"SAL_113b",-65,40,14
"408",4,"VCS_20",6,"SAL_113b",400,162,12
"419",4,"VCS_30",6,"SAL_113b",397,169,23
"427",4,"VCS_40",6,"SAL_113b",415,168,31
"428",4,"VCS_50",6,"SAL_113b",411,168,32
"411",5,"VCS_220",6,"SAL_113b",439,43,15
"412",5,"VCS_230",6,"SAL_113b",487,66,16
"414",5,"VCS_250",6,"SAL_113b",477,38,18
"413",6,"VCS_240",6,"SAL_113b",-396,228,17
"415",6,"VCS_260",6,"SAL_113b",-385,218,19
"416",6,"VCS_270",6,"SAL_113b",-399,236,20
"417",6,"VCS_280",6,"SAL_113b",-397,214,21
"418",6,"VCS_290",6,"SAL_113b",-410,218,22
"420",6,"VCS_300",6,"SAL_113b",-398,230,24
"421",6,"VCS_310",6,"SAL_113b",-393,213,25
"433",1,"VCS_10",4,"SAL_114b",-317,114,1
"444",1,"VCS_20",4,"SAL_114b",-232,166,12
"455",1,"VCS_30",4,"SAL_114b",-296,168,23
"457",1,"VCS_310",4,"SAL_114b",-146,101,25
"458",1,"VCS_320",4,"SAL_114b",-191,204,26
"459",1,"VCS_330",4,"SAL_114b",-169,149,27
"460",1,"VCS_340",4,"SAL_114b",-215,117,28
"461",1,"VCS_350",4,"SAL_114b",-247,70,29
"462",1,"VCS_360",4,"SAL_114b",-299,57,30
"463",1,"VCS_40",4,"SAL_114b",-269,116,31
"464",1,"VCS_50",4,"SAL_114b",-185,69,32
"434",2,"VCS_100",4,"SAL_114b",241,155,2
"435",2,"VCS_110",4,"SAL_114b",296,175,3
"436",2,"VCS_120",4,"SAL_114b",190,213,4
"437",2,"VCS_130",4,"SAL_114b",376,236,5
"465",2,"VCS_60",4,"SAL_114b",188,157,33
"466",2,"VCS_70",4,"SAL_114b",357,172,34
"467",2,"VCS_80",4,"SAL_114b",323,230,35
"468",2,"VCS_90",4,"SAL_114b",249,221,36
"438",3,"VCS_140",4,"SAL_114b",-404,-86,6
"439",3,"VCS_150",4,"SAL_114b",-338,-82,7
"440",3,"VCS_160",4,"SAL_114b",-414,-156,8
"441",3,"VCS_170",4,"SAL_114b",-460,-215,9
"442",3,"VCS_180",4,"SAL_114b",-463,-12,10
"443",3,"VCS_190",4,"SAL_114b",-375,-218,11
"445",3,"VCS_200",4,"SAL_114b",-458,-85,13
"446",3,"VCS_210",4,"SAL_114b",-523,-78,14
"447",3,"VCS_220",4,"SAL_114b",-495,-143,15
"448",3,"VCS_230",4,"SAL_114b",-348,-139,16
"449",4,"VCS_240",4,"SAL_114b",102,-54,17
"450",4,"VCS_250",4,"SAL_114b",163,-38,18
"451",4,"VCS_260",4,"SAL_114b",119,11,19
"452",4,"VCS_270",4,"SAL_114b",56,-6,20
"453",4,"VCS_280",4,"SAL_114b",153,-103,21
"454",4,"VCS_290",4,"SAL_114b",86,-113,22
"456",4,"VCS_300",4,"SAL_114b",38,-70,24
"469",1,"VCS_10",2,"SAL_115b",-185,225,1
"470",1,"VCS_100",2,"SAL_115b",-159,-128,2
"471",1,"VCS_110",2,"SAL_115b",-169,-42,3
"472",1,"VCS_120",2,"SAL_115b",-322,-108,4
"473",1,"VCS_130",2,"SAL_115b",-237,-104,5
"474",1,"VCS_140",2,"SAL_115b",-338,-37,6
"480",1,"VCS_20",2,"SAL_115b",-331,258,12
"491",1,"VCS_30",2,"SAL_115b",-316,186,23
"494",1,"VCS_320",2,"SAL_115b",-337,119,26
"495",1,"VCS_330",2,"SAL_115b",-261,171,27
"496",1,"VCS_340",2,"SAL_115b",-419,238,28
"497",1,"VCS_350",2,"SAL_115b",-239,217,29
"498",1,"VCS_360",2,"SAL_115b",-196,153,30
"499",1,"VCS_40",2,"SAL_115b",-381,163,31
"500",1,"VCS_50",2,"SAL_115b",-265,105,32
"501",1,"VCS_60",2,"SAL_115b",-397,92,33
"502",1,"VCS_70",2,"SAL_115b",-259,-24,34
"503",1,"VCS_80",2,"SAL_115b",-279,259,35
"504",1,"VCS_90",2,"SAL_115b",-409,-109,36
"475",2,"VCS_150",2,"SAL_115b",149,-119,7
"476",2,"VCS_160",2,"SAL_115b",92,-113,8
"477",2,"VCS_170",2,"SAL_115b",214,-126,9
"478",2,"VCS_180",2,"SAL_115b",27,-197,10
"479",2,"VCS_190",2,"SAL_115b",33,-119,11
"481",2,"VCS_200",2,"SAL_115b",89,50,13
"482",2,"VCS_210",2,"SAL_115b",57,116,14
"483",2,"VCS_220",2,"SAL_115b",256,60,15
"484",2,"VCS_230",2,"SAL_115b",162,68,16
"485",2,"VCS_240",2,"SAL_115b",78,218,17
"486",2,"VCS_250",2,"SAL_115b",391,131,18
"487",2,"VCS_260",2,"SAL_115b",353,209,19
"488",2,"VCS_270",2,"SAL_115b",133,167,20
"489",2,"VCS_280",2,"SAL_115b",210,191,21
"490",2,"VCS_290",2,"SAL_115b",275,204,22
"492",2,"VCS_300",2,"SAL_115b",302,126,24
"493",2,"VCS_310",2,"SAL_115b",224,121,25
"505",1,"VCS_10",6,"SAL_116b",356,250,1
"516",1,"VCS_20",6,"SAL_116b",353,257,12
"527",1,"VCS_30",6,"SAL_116b",332,246,23
"535",1,"VCS_40",6,"SAL_116b",335,252,31
"536",1,"VCS_50",6,"SAL_116b",369,254,32
"506",2,"VCS_100",6,"SAL_116b",269,-160,2
"507",2,"VCS_110",6,"SAL_116b",168,-136,3
"508",2,"VCS_120",6,"SAL_116b",197,-158,4
"510",2,"VCS_140",6,"SAL_116b",263,-185,6
"537",2,"VCS_60",6,"SAL_116b",201,-169,33
"538",2,"VCS_70",6,"SAL_116b",204,-172,34
"539",2,"VCS_80",6,"SAL_116b",247,-160,35
"540",2,"VCS_90",6,"SAL_116b",169,-136,36
"509",3,"VCS_130",6,"SAL_116b",-320,-140,5
"511",3,"VCS_150",6,"SAL_116b",-330,-145,7
"512",3,"VCS_160",6,"SAL_116b",-338,-134,8
"513",3,"VCS_170",6,"SAL_116b",-344,-173,9
"514",3,"VCS_180",6,"SAL_116b",-352,-151,10
"515",3,"VCS_190",6,"SAL_116b",-378,-161,11
"517",3,"VCS_200",6,"SAL_116b",-359,-168,13
"518",4,"VCS_210",6,"SAL_116b",-410,121,14
"519",4,"VCS_220",6,"SAL_116b",-410,115,15
"520",4,"VCS_230",6,"SAL_116b",-403,134,16
"521",5,"VCS_240",6,"SAL_116b",-320,253,17
"522",5,"VCS_250",6,"SAL_116b",-343,296,18
"523",5,"VCS_260",6,"SAL_116b",-322,280,19
"524",5,"VCS_270",6,"SAL_116b",-287,255,20
"525",5,"VCS_280",6,"SAL_116b",-320,240,21
"526",5,"VCS_290",6,"SAL_116b",-308,227,22
"528",5,"VCS_300",6,"SAL_116b",-282,225,24
"529",6,"VCS_310",6,"SAL_116b",32,190,25
"530",6,"VCS_320",6,"SAL_116b",62,180,26
"531",6,"VCS_330",6,"SAL_116b",63,188,27
"532",6,"VCS_340",6,"SAL_116b",85,172,28
"533",6,"VCS_350",6,"SAL_116b",51,187,29
"534",6,"VCS_360",6,"SAL_116b",56,179,30
"541",1,"VCS_10",10,"SAL_117a",-375,240,1
"552",1,"VCS_20",10,"SAL_117a",-419,248,12
"563",1,"VCS_30",10,"SAL_117a",-315,221,23
"569",1,"VCS_350",10,"SAL_117a",-361,197,29
"570",1,"VCS_360",10,"SAL_117a",-461,256,30
"542",2,"VCS_100",10,"SAL_117a",-346,-20,2
"543",2,"VCS_110",10,"SAL_117a",-405,-23,3
"576",2,"VCS_90",10,"SAL_117a",-309,-35,36
"544",3,"VCS_120",10,"SAL_117a",340,127,4
"545",3,"VCS_130",10,"SAL_117a",355,197,5
"546",3,"VCS_140",10,"SAL_117a",394,146,6
"547",3,"VCS_150",10,"SAL_117a",369,86,7
"548",4,"VCS_160",10,"SAL_117a",41,-225,8
"549",4,"VCS_170",10,"SAL_117a",82,-218,9
"550",5,"VCS_180",10,"SAL_117a",-270,320,10
"551",5,"VCS_190",10,"SAL_117a",-240,287,11
"553",5,"VCS_200",10,"SAL_117a",-187,263,13
"554",6,"VCS_210",10,"SAL_117a",-640,-75,14
"555",6,"VCS_220",10,"SAL_117a",-585,-76,15
"556",6,"VCS_230",10,"SAL_117a",-521,-88,16
"557",7,"VCS_240",10,"SAL_117a",575,-5,17
"558",7,"VCS_250",10,"SAL_117a",538,88,18
"559",7,"VCS_260",10,"SAL_117a",561,49,19
"560",7,"VCS_270",10,"SAL_117a",506,2,20
"561",8,"VCS_280",10,"SAL_117a",192,86,21
"562",8,"VCS_290",10,"SAL_117a",78,123,22
"564",8,"VCS_300",10,"SAL_117a",105,26,24
"565",8,"VCS_310",10,"SAL_117a",136,98,25
"566",8,"VCS_320",10,"SAL_117a",142,74,26
"567",8,"VCS_330",10,"SAL_117a",81,72,27
"568",8,"VCS_340",10,"SAL_117a",41,105,28
"571",9,"VCS_40",10,"SAL_117a",-226,-162,31
"572",9,"VCS_50",10,"SAL_117a",-157,-160,32
"573",9,"VCS_60",10,"SAL_117a",-200,-219,33
"574",10,"VCS_70",10,"SAL_117a",437,-66,34
"575",10,"VCS_80",10,"SAL_117a",423,-106,35
"577",1,"VCS_10",2,"SAL_118b",399,-186,1
"585",1,"VCS_170",2,"SAL_118b",400,-175,9
"589",1,"VCS_200",2,"SAL_118b",392,-175,13
"590",1,"VCS_210",2,"SAL_118b",400,-183,14
"591",1,"VCS_220",2,"SAL_118b",390,-183,15
"593",1,"VCS_240",2,"SAL_118b",398,-179,17
"594",1,"VCS_250",2,"SAL_118b",395,-177,18
"595",1,"VCS_260",2,"SAL_118b",398,-185,19
"596",1,"VCS_270",2,"SAL_118b",402,-184,20
"597",1,"VCS_280",2,"SAL_118b",398,-183,21
"598",1,"VCS_290",2,"SAL_118b",397,-179,22
"600",1,"VCS_300",2,"SAL_118b",400,-191,24
"601",1,"VCS_310",2,"SAL_118b",404,-187,25
"602",1,"VCS_320",2,"SAL_118b",391,-176,26
"603",1,"VCS_330",2,"SAL_118b",410,-185,27
"604",1,"VCS_340",2,"SAL_118b",395,-180,28
"605",1,"VCS_350",2,"SAL_118b",391,-182,29
"606",1,"VCS_360",2,"SAL_118b",397,-179,30
"578",2,"VCS_100",2,"SAL_118b",-357,-35,2
"579",2,"VCS_110",2,"SAL_118b",-331,-34,3
"580",2,"VCS_120",2,"SAL_118b",-314,-67,4
"581",2,"VCS_130",2,"SAL_118b",-358,-32,5
"582",2,"VCS_140",2,"SAL_118b",-328,-26,6
"583",2,"VCS_150",2,"SAL_118b",-327,-58,7
"584",2,"VCS_160",2,"SAL_118b",-348,-22,8
"586",2,"VCS_180",2,"SAL_118b",-325,-66,10
"587",2,"VCS_190",2,"SAL_118b",-350,-27,11
"588",2,"VCS_20",2,"SAL_118b",-335,-10,12
"592",2,"VCS_230",2,"SAL_118b",-348,-46,16
"599",2,"VCS_30",2,"SAL_118b",-310,-34,23
"607",2,"VCS_40",2,"SAL_118b",-315,-24,31
"608",2,"VCS_50",2,"SAL_118b",-326,-28,32
"609",2,"VCS_60",2,"SAL_118b",-337,-37,33
"610",2,"VCS_70",2,"SAL_118b",-334,-33,34
"611",2,"VCS_80",2,"SAL_118b",-316,-24,35
"612",2,"VCS_90",2,"SAL_118b",-320,-52,36
"613",1,"VCS_10",5,"SAL_119b",426,71,1
"624",1,"VCS_20",5,"SAL_119b",381,27,12
"635",1,"VCS_30",5,"SAL_119b",393,73,23
"639",1,"VCS_330",5,"SAL_119b",395,53,27
"640",1,"VCS_340",5,"SAL_119b",377,16,28
"641",1,"VCS_350",5,"SAL_119b",434,20,29
"642",1,"VCS_360",5,"SAL_119b",386,66,30
"643",1,"VCS_40",5,"SAL_119b",414,53,31
"644",1,"VCS_50",5,"SAL_119b",381,61,32
"645",1,"VCS_60",5,"SAL_119b",355,62,33
"614",2,"VCS_100",5,"SAL_119b",119,-9,2
"615",2,"VCS_110",5,"SAL_119b",101,-61,3
"616",2,"VCS_120",5,"SAL_119b",161,-75,4
"617",2,"VCS_130",5,"SAL_119b",97,-13,5
"646",2,"VCS_70",5,"SAL_119b",148,-25,34
"647",2,"VCS_80",5,"SAL_119b",107,-46,35
"648",2,"VCS_90",5,"SAL_119b",120,-61,36
"618",3,"VCS_140",5,"SAL_119b",-225,-370,6
"626",3,"VCS_210",5,"SAL_119b",-86,-190,14
"627",3,"VCS_220",5,"SAL_119b",-107,-193,15
"628",3,"VCS_230",5,"SAL_119b",-144,-196,16
"629",3,"VCS_240",5,"SAL_119b",-45,-199,17
"619",4,"VCS_150",5,"SAL_119b",-512,-72,7
"620",4,"VCS_160",5,"SAL_119b",-515,-71,8
"621",4,"VCS_170",5,"SAL_119b",-510,-68,9
"622",4,"VCS_180",5,"SAL_119b",-486,-70,10
"623",4,"VCS_190",5,"SAL_119b",-507,-69,11
"625",4,"VCS_200",5,"SAL_119b",-523,-71,13
"630",5,"VCS_250",5,"SAL_119b",-158,81,18
"631",5,"VCS_260",5,"SAL_119b",-189,65,19
"632",5,"VCS_270",5,"SAL_119b",-183,44,20
"633",5,"VCS_280",5,"SAL_119b",-215,37,21
"634",5,"VCS_290",5,"SAL_119b",-164,71,22
"636",5,"VCS_300",5,"SAL_119b",-258,79,24
"637",5,"VCS_310",5,"SAL_119b",-224,43,25
"638",5,"VCS_320",5,"SAL_119b",-217,92,26
"649",1,"VCS_10",3,"SAL_120b",-227,363,1
"660",1,"VCS_20",3,"SAL_120b",-159,368,12
"661",1,"VCS_200",3,"SAL_120b",129,186,13
"662",1,"VCS_210",3,"SAL_120b",-97,183,14
"664",1,"VCS_230",3,"SAL_120b",48,182,16
"665",1,"VCS_240",3,"SAL_120b",-24,184,17
"671",1,"VCS_30",3,"SAL_120b",286,371,23
"674",1,"VCS_320",3,"SAL_120b",95,375,26
"675",1,"VCS_330",3,"SAL_120b",162,370,27
"676",1,"VCS_340",3,"SAL_120b",4,369,28
"677",1,"VCS_350",3,"SAL_120b",233,368,29
"678",1,"VCS_360",3,"SAL_120b",-96,371,30
"650",2,"VCS_100",3,"SAL_120b",-314,88,2
"651",2,"VCS_110",3,"SAL_120b",-479,10,3
"652",2,"VCS_120",3,"SAL_120b",-425,80,4
"653",2,"VCS_130",3,"SAL_120b",-262,94,5
"655",2,"VCS_150",3,"SAL_120b",-421,12,7
"666",2,"VCS_250",3,"SAL_120b",-408,-156,18
"668",2,"VCS_270",3,"SAL_120b",-261,-157,20
"670",2,"VCS_290",3,"SAL_120b",-339,-155,22
"672",2,"VCS_300",3,"SAL_120b",-188,-151,24
"673",2,"VCS_310",3,"SAL_120b",-121,-152,25
"679",2,"VCS_40",3,"SAL_120b",-202,13,31
"680",2,"VCS_50",3,"SAL_120b",-251,14,32
"681",2,"VCS_60",3,"SAL_120b",-363,13,33
"682",2,"VCS_70",3,"SAL_120b",-310,12,34
"683",2,"VCS_80",3,"SAL_120b",-369,85,35
"684",2,"VCS_90",3,"SAL_120b",-478,82,36
"654",3,"VCS_140",3,"SAL_120b",424,-26,6
"656",3,"VCS_160",3,"SAL_120b",235,-22,8
"657",3,"VCS_170",3,"SAL_120b",364,-25,9
"658",3,"VCS_180",3,"SAL_120b",164,-22,10
"659",3,"VCS_190",3,"SAL_120b",306,-21,11
"663",3,"VCS_220",3,"SAL_120b",205,186,15
"667",3,"VCS_260",3,"SAL_120b",20,-148,19
"669",3,"VCS_280",3,"SAL_120b",-43,-153,21
"685",1,"VCS_10",7,"SAL_121b",-530,-229,1
"707",1,"VCS_30",7,"SAL_121b",-589,-228,23
"713",1,"VCS_350",7,"SAL_121b",-539,-276,29
"714",1,"VCS_360",7,"SAL_121b",-590,-279,30
"686",2,"VCS_100",7,"SAL_121b",-490,-46,2
"687",2,"VCS_110",7,"SAL_121b",-576,-68,3
"688",2,"VCS_120",7,"SAL_121b",-532,-77,4
"689",2,"VCS_130",7,"SAL_121b",-505,8,5
"719",2,"VCS_80",7,"SAL_121b",-579,-10,35
"720",2,"VCS_90",7,"SAL_121b",-542,-27,36
"690",3,"VCS_140",7,"SAL_121b",166,165,6
"691",3,"VCS_150",7,"SAL_121b",236,166,7
"692",3,"VCS_160",7,"SAL_121b",152,77,8
"693",3,"VCS_170",7,"SAL_121b",281,77,9
"694",3,"VCS_180",7,"SAL_121b",260,10,10
"695",3,"VCS_190",7,"SAL_121b",204,119,11
"696",4,"VCS_20",7,"SAL_121b",-270,-229,12
"715",4,"VCS_40",7,"SAL_121b",-432,-335,31
"716",4,"VCS_50",7,"SAL_121b",-277,-283,32
"717",4,"VCS_60",7,"SAL_121b",-384,-326,33
"718",4,"VCS_70",7,"SAL_121b",-340,-298,34
"697",5,"VCS_200",7,"SAL_121b",75,-370,13
"698",5,"VCS_210",7,"SAL_121b",0,-370,14
"699",5,"VCS_220",7,"SAL_121b",53,-311,15
"700",5,"VCS_230",7,"SAL_121b",173,-277,16
"701",5,"VCS_240",7,"SAL_121b",109,-322,17
"702",6,"VCS_250",7,"SAL_121b",-272,-86,18
"703",6,"VCS_260",7,"SAL_121b",-236,-44,19
"704",6,"VCS_270",7,"SAL_121b",-250,15,20
"705",6,"VCS_280",7,"SAL_121b",-304,-5,21
"706",6,"VCS_290",7,"SAL_121b",-325,-66,22
"708",6,"VCS_300",7,"SAL_121b",-286,55,24
"709",6,"VCS_310",7,"SAL_121b",-336,30,25
"710",7,"VCS_320",7,"SAL_121b",-410,109,26
"711",7,"VCS_330",7,"SAL_121b",-376,146,27
"712",7,"VCS_340",7,"SAL_121b",-433,180,28
"721",1,"VCS_10",10,"SAL_122b",-513,352,1
"732",1,"VCS_20",10,"SAL_122b",-507,359,12
"743",1,"VCS_30",10,"SAL_122b",-508,360,23
"744",1,"VCS_300",10,"SAL_122b",-589,309,24
"745",1,"VCS_310",10,"SAL_122b",-592,303,25
"722",2,"VCS_100",10,"SAL_122b",219,-369,2
"723",2,"VCS_110",10,"SAL_122b",225,-370,3
"730",2,"VCS_180",10,"SAL_122b",266,-212,10
"731",2,"VCS_190",10,"SAL_122b",266,-209,11
"724",3,"VCS_120",10,"SAL_122b",-639,77,4
"725",3,"VCS_130",10,"SAL_122b",-634,59,5
"726",3,"VCS_140",10,"SAL_122b",-621,66,6
"727",4,"VCS_150",10,"SAL_122b",-315,399,7
"728",4,"VCS_160",10,"SAL_122b",-306,388,8
"729",4,"VCS_170",10,"SAL_122b",-309,398,9
"733",5,"VCS_200",10,"SAL_122b",-640,-298,13
"734",5,"VCS_210",10,"SAL_122b",-640,-315,14
"749",5,"VCS_350",10,"SAL_122b",-616,-174,29
"750",5,"VCS_360",10,"SAL_122b",-611,-176,30
"735",6,"VCS_220",10,"SAL_122b",157,366,15
"736",6,"VCS_230",10,"SAL_122b",157,368,16
"751",6,"VCS_40",10,"SAL_122b",90,195,31
"752",6,"VCS_50",10,"SAL_122b",67,188,32
"753",6,"VCS_60",10,"SAL_122b",86,192,33
"754",6,"VCS_70",10,"SAL_122b",90,190,34
"737",7,"VCS_240",10,"SAL_122b",436,-338,17
"738",7,"VCS_250",10,"SAL_122b",443,-343,18
"739",8,"VCS_260",10,"SAL_122b",-300,-370,19
"740",8,"VCS_270",10,"SAL_122b",-306,-368,20
"741",8,"VCS_280",10,"SAL_122b",-302,-373,21
"742",8,"VCS_290",10,"SAL_122b",-302,-374,22
"746",9,"VCS_320",10,"SAL_122b",490,324,26
"747",9,"VCS_330",10,"SAL_122b",514,321,27
"748",9,"VCS_340",10,"SAL_122b",526,299,28
"755",10,"VCS_80",10,"SAL_122b",641,-227,35
"756",10,"VCS_90",10,"SAL_122b",640,-225,36
"757",1,"VCS_10",4,"SAL_123b",253,155,1
"768",1,"VCS_20",4,"SAL_123b",323,90,12
"779",1,"VCS_30",4,"SAL_123b",385,126,23
"781",1,"VCS_310",4,"SAL_123b",429,-4,25
"782",1,"VCS_320",4,"SAL_123b",392,42,26
"783",1,"VCS_330",4,"SAL_123b",431,82,27
"784",1,"VCS_340",4,"SAL_123b",195,109,28
"785",1,"VCS_350",4,"SAL_123b",351,-6,29
"786",1,"VCS_360",4,"SAL_123b",311,31,30
"787",1,"VCS_40",4,"SAL_123b",328,162,31
"788",1,"VCS_50",4,"SAL_123b",260,82,32
"789",1,"VCS_60",4,"SAL_123b",384,196,33
"758",2,"VCS_100",4,"SAL_123b",175,-182,2
"759",2,"VCS_110",4,"SAL_123b",110,-231,3
"760",2,"VCS_120",4,"SAL_123b",55,-194,4
"761",2,"VCS_130",4,"SAL_123b",5,-156,5
"762",2,"VCS_140",4,"SAL_123b",64,-130,6
"763",2,"VCS_150",4,"SAL_123b",51,-277,7
"764",2,"VCS_160",4,"SAL_123b",-6,-228,8
"790",2,"VCS_70",4,"SAL_123b",127,-163,34
"791",2,"VCS_80",4,"SAL_123b",177,-247,35
"792",2,"VCS_90",4,"SAL_123b",122,-290,36
"765",3,"VCS_170",4,"SAL_123b",-247,-313,9
"766",3,"VCS_180",4,"SAL_123b",-329,-305,10
"767",3,"VCS_190",4,"SAL_123b",-240,-242,11
"769",3,"VCS_200",4,"SAL_123b",-323,-231,13
"770",4,"VCS_210",4,"SAL_123b",-280,145,14
"771",4,"VCS_220",4,"SAL_123b",-328,214,15
"772",4,"VCS_230",4,"SAL_123b",-254,219,16
"773",4,"VCS_240",4,"SAL_123b",-363,144,17
"774",4,"VCS_250",4,"SAL_123b",-216,167,18
"775",4,"VCS_260",4,"SAL_123b",-173,108,19
"776",4,"VCS_270",4,"SAL_123b",-148,170,20
"777",4,"VCS_280",4,"SAL_123b",-246,71,21
"778",4,"VCS_290",4,"SAL_123b",-334,62,22
"780",4,"VCS_300",4,"SAL_123b",-187,40,24
"793",1,"VCS_10",4,"SAL_124b",297,-259,1
"804",1,"VCS_20",4,"SAL_124b",219,-315,12
"807",1,"VCS_220",4,"SAL_124b",260,-67,15
"815",1,"VCS_30",4,"SAL_124b",338,-312,23
"820",1,"VCS_340",4,"SAL_124b",225,-370,28
"821",1,"VCS_350",4,"SAL_124b",230,-201,29
"822",1,"VCS_360",4,"SAL_124b",234,-252,30
"823",1,"VCS_40",4,"SAL_124b",166,-258,31
"824",1,"VCS_50",4,"SAL_124b",274,-311,32
"825",1,"VCS_60",4,"SAL_124b",354,-249,33
"794",2,"VCS_100",4,"SAL_124b",-325,236,2
"795",2,"VCS_110",4,"SAL_124b",-357,153,3
"796",2,"VCS_120",4,"SAL_124b",-196,155,4
"797",2,"VCS_130",4,"SAL_124b",-283,159,5
"798",2,"VCS_140",4,"SAL_124b",-128,155,6
"799",2,"VCS_150",4,"SAL_124b",-208,248,7
"826",2,"VCS_70",4,"SAL_124b",-265,239,34
"827",2,"VCS_80",4,"SAL_124b",-390,232,35
"828",2,"VCS_90",4,"SAL_124b",-150,234,36
"800",3,"VCS_160",4,"SAL_124b",-241,-188,8
"801",3,"VCS_170",4,"SAL_124b",-398,-161,9
"802",3,"VCS_180",4,"SAL_124b",-314,-179,10
"803",3,"VCS_190",4,"SAL_124b",-331,-94,11
"805",3,"VCS_200",4,"SAL_124b",-450,-55,13
"806",3,"VCS_210",4,"SAL_124b",-279,-101,14
"808",3,"VCS_230",4,"SAL_124b",-368,-28,16
"809",3,"VCS_240",4,"SAL_124b",-279,-24,17
"810",4,"VCS_250",4,"SAL_124b",150,68,18
"811",4,"VCS_260",4,"SAL_124b",93,182,19
"812",4,"VCS_270",4,"SAL_124b",182,5,20
"813",4,"VCS_280",4,"SAL_124b",46,126,21
"814",4,"VCS_290",4,"SAL_124b",34,30,22
"816",4,"VCS_300",4,"SAL_124b",-16,72,24
"817",4,"VCS_310",4,"SAL_124b",109,12,25
"818",4,"VCS_320",4,"SAL_124b",127,121,26
"819",4,"VCS_330",4,"SAL_124b",89,63,27
"829",1,"VCS_10",6,"SAL_125a",-317,65,1
"854",1,"VCS_320",6,"SAL_125a",-269,183,26
"855",1,"VCS_330",6,"SAL_125a",-397,128,27
"856",1,"VCS_340",6,"SAL_125a",-352,104,28
"857",1,"VCS_350",6,"SAL_125a",-323,158,29
"858",1,"VCS_360",6,"SAL_125a",-286,112,30
"830",2,"VCS_100",6,"SAL_125a",186,118,2
"831",2,"VCS_110",6,"SAL_125a",290,162,3
"832",2,"VCS_120",6,"SAL_125a",226,169,4
"834",2,"VCS_140",6,"SAL_125a",347,166,6
"863",2,"VCS_80",6,"SAL_125a",255,105,35
"864",2,"VCS_90",6,"SAL_125a",338,92,36
"833",3,"VCS_130",6,"SAL_125a",-432,-189,5
"835",3,"VCS_150",6,"SAL_125a",-479,-138,7
"836",3,"VCS_160",6,"SAL_125a",-402,-113,8
"837",3,"VCS_170",6,"SAL_125a",-473,-42,9
"838",3,"VCS_180",6,"SAL_125a",-369,-178,10
"839",4,"VCS_190",6,"SAL_125a",359,-211,11
"841",4,"VCS_200",6,"SAL_125a",341,-133,13
"842",4,"VCS_210",6,"SAL_125a",282,-183,14
"843",4,"VCS_220",6,"SAL_125a",431,-160,15
"840",5,"VCS_20",6,"SAL_125a",117,-54,12
"851",5,"VCS_30",6,"SAL_125a",129,-121,23
"859",5,"VCS_40",6,"SAL_125a",19,-105,31
"860",5,"VCS_50",6,"SAL_125a",74,-113,32
"861",5,"VCS_60",6,"SAL_125a",-2,-54,33
"862",5,"VCS_70",6,"SAL_125a",60,-50,34
"844",6,"VCS_230",6,"SAL_125a",-142,110,16
"845",6,"VCS_240",6,"SAL_125a",-96,170,17
"846",6,"VCS_250",6,"SAL_125a",-73,104,18
"847",6,"VCS_260",6,"SAL_125a",21,208,19
"848",6,"VCS_270",6,"SAL_125a",-30,154,20
"849",6,"VCS_280",6,"SAL_125a",11,275,21
"850",6,"VCS_290",6,"SAL_125a",-104,258,22
"852",6,"VCS_300",6,"SAL_125a",-49,231,24
"853",6,"VCS_310",6,"SAL_125a",12,97,25
"865",1,"VCS_10",8,"SAL_126b",103,-60,1
"876",1,"VCS_20",8,"SAL_126b",45,-48,12
"887",1,"VCS_30",8,"SAL_126b",100,-110,23
"895",1,"VCS_40",8,"SAL_126b",-8,-94,31
"896",1,"VCS_50",8,"SAL_126b",49,-103,32
"866",2,"VCS_100",8,"SAL_126b",-217,-53,2
"867",2,"VCS_110",8,"SAL_126b",-213,-113,3
"868",2,"VCS_120",8,"SAL_126b",-273,-57,4
"869",2,"VCS_130",8,"SAL_126b",-271,-117,5
"870",2,"VCS_140",8,"SAL_126b",-333,-45,6
"871",3,"VCS_150",8,"SAL_126b",398,-40,7
"872",3,"VCS_160",8,"SAL_126b",337,-36,8
"873",3,"VCS_170",8,"SAL_126b",354,-104,9
"874",3,"VCS_180",8,"SAL_126b",412,-108,10
"875",3,"VCS_190",8,"SAL_126b",383,-170,11
"877",4,"VCS_200",8,"SAL_126b",389,96,13
"878",4,"VCS_210",8,"SAL_126b",327,101,14
"880",4,"VCS_230",8,"SAL_126b",265,97,16
"879",5,"VCS_220",8,"SAL_126b",454,94,15
"881",5,"VCS_240",8,"SAL_126b",588,95,17
"882",5,"VCS_250",8,"SAL_126b",521,98,18
"883",6,"VCS_260",8,"SAL_126b",-108,189,19
"884",6,"VCS_270",8,"SAL_126b",7,163,20
"885",6,"VCS_280",8,"SAL_126b",19,279,21
"886",6,"VCS_290",8,"SAL_126b",-52,185,22
"888",6,"VCS_300",8,"SAL_126b",-100,246,24
"889",6,"VCS_310",8,"SAL_126b",5,221,25
"890",6,"VCS_320",8,"SAL_126b",-33,244,26
"891",7,"VCS_330",8,"SAL_126b",-490,175,27
"892",7,"VCS_340",8,"SAL_126b",-414,171,28
"893",7,"VCS_350",8,"SAL_126b",-415,218,29
"894",7,"VCS_360",8,"SAL_126b",-473,222,30
"897",8,"VCS_60",8,"SAL_126b",-205,-270,33
"898",8,"VCS_70",8,"SAL_126b",-257,-271,34
"899",8,"VCS_80",8,"SAL_126b",-305,-277,35
"900",8,"VCS_90",8,"SAL_126b",-355,-274,36
"901",1,"VCS_10",9,"SAL_128b",272,-25,1
"912",1,"VCS_20",9,"SAL_128b",264,-23,12
"930",1,"VCS_360",9,"SAL_128b",260,-55,30
"902",2,"VCS_100",9,"SAL_128b",-382,76,2
"903",2,"VCS_110",9,"SAL_128b",-418,84,3
"904",2,"VCS_120",9,"SAL_128b",-353,93,4
"905",2,"VCS_130",9,"SAL_128b",-367,52,5
"906",2,"VCS_140",9,"SAL_128b",-348,98,6
"935",2,"VCS_80",9,"SAL_128b",-335,99,35
"936",2,"VCS_90",9,"SAL_128b",-392,91,36
"907",3,"VCS_150",9,"SAL_128b",-31,206,7
"908",3,"VCS_160",9,"SAL_128b",-58,211,8
"909",3,"VCS_170",9,"SAL_128b",-36,191,9
"910",4,"VCS_180",9,"SAL_128b",214,206,10
"911",4,"VCS_190",9,"SAL_128b",198,214,11
"913",4,"VCS_200",9,"SAL_128b",226,213,13
"914",5,"VCS_210",9,"SAL_128b",-162,312,14
"915",5,"VCS_220",9,"SAL_128b",-162,330,15
"916",5,"VCS_230",9,"SAL_128b",-150,370,16
"917",5,"VCS_240",9,"SAL_128b",-158,355,17
"918",6,"VCS_250",9,"SAL_128b",-476,-248,18
"920",6,"VCS_270",9,"SAL_128b",-440,-277,20
"921",6,"VCS_280",9,"SAL_128b",-472,-291,21
"922",6,"VCS_290",9,"SAL_128b",-465,-299,22
"924",6,"VCS_300",9,"SAL_128b",-469,-301,24
"926",6,"VCS_320",9,"SAL_128b",-475,-278,26
"919",7,"VCS_260",9,"SAL_128b",-49,-213,19
"925",7,"VCS_310",9,"SAL_128b",-52,-231,25
"927",7,"VCS_330",9,"SAL_128b",-65,-238,27
"928",7,"VCS_340",9,"SAL_128b",-45,-234,28
"929",7,"VCS_350",9,"SAL_128b",-58,-237,29
"923",8,"VCS_30",9,"SAL_128b",-245,-331,23
"932",8,"VCS_50",9,"SAL_128b",-253,-339,32
"931",9,"VCS_40",9,"SAL_128b",187,78,31
"933",9,"VCS_60",9,"SAL_128b",152,60,33
"934",9,"VCS_70",9,"SAL_128b",166,60,34
"937",1,"VCS_10",9,"SAL_129b",85,-137,1
"948",1,"VCS_20",9,"SAL_129b",88,-200,12
"959",1,"VCS_30",9,"SAL_129b",141,-114,23
"967",1,"VCS_40",9,"SAL_129b",142,-169,31
"968",1,"VCS_50",9,"SAL_129b",196,-126,32
"969",1,"VCS_60",9,"SAL_129b",197,-185,33
"938",2,"VCS_100",9,"SAL_129b",-437,114,2
"939",2,"VCS_110",9,"SAL_129b",-464,185,3
"940",2,"VCS_120",9,"SAL_129b",-407,189,4
"970",2,"VCS_70",9,"SAL_129b",-524,180,34
"971",2,"VCS_80",9,"SAL_129b",-496,116,35
"972",2,"VCS_90",9,"SAL_129b",-558,100,36
"941",3,"VCS_130",9,"SAL_129b",-264,226,5
"942",3,"VCS_140",9,"SAL_129b",-205,113,6
"943",3,"VCS_150",9,"SAL_129b",-265,156,7
"944",3,"VCS_160",9,"SAL_129b",-204,189,8
"945",4,"VCS_170",9,"SAL_129b",270,-12,9
"946",4,"VCS_180",9,"SAL_129b",197,14,10
"947",5,"VCS_190",9,"SAL_129b",277,112,11
"949",5,"VCS_200",9,"SAL_129b",271,189,13
"950",5,"VCS_210",9,"SAL_129b",341,155,14
"951",6,"VCS_220",9,"SAL_129b",-2,182,15
"952",6,"VCS_230",9,"SAL_129b",44,125,16
"953",7,"VCS_240",9,"SAL_129b",-235,-14,17
"954",7,"VCS_250",9,"SAL_129b",-266,-86,18
"955",7,"VCS_260",9,"SAL_129b",-216,-137,19
"956",7,"VCS_270",9,"SAL_129b",-307,-26,20
"957",7,"VCS_280",9,"SAL_129b",-334,-98,21
"958",7,"VCS_290",9,"SAL_129b",-287,-154,22
"960",8,"VCS_300",9,"SAL_129b",-56,-12,24
"961",8,"VCS_310",9,"SAL_129b",-95,-60,25
"962",8,"VCS_320",9,"SAL_129b",-31,-67,26
"963",8,"VCS_330",9,"SAL_129b",4,-26,27
"964",9,"VCS_340",9,"SAL_129b",357,-119,28
"965",9,"VCS_350",9,"SAL_129b",419,-132,29
"966",9,"VCS_360",9,"SAL_129b",387,-173,30
